<?xml version="1.0" encoding="utf-8" ?>
<datalist>
<data>
  <item>상품A</item>
  <sales>150</sales>
  <sales>90</sales>
  <sales>300</sales>
  <sales>200</sales>
  <sales>120</sales>
</data>
<data>
  <item>상품B</item>
  <sales>70</sales>
  <sales>260</sales>
  <sales>110</sales>
  <sales>30</sales>
  <sales>90</sales>
</data>
<data>
  <item>상품C</item>
  <sales>20</sales>
  <sales>40</sales>
  <sales>280</sales>
  <sales>80</sales>
  <sales>190</sales>
</data>
<data>
  <item>상품D</item>
  <sales>80</sales>
  <sales>100</sales>
  <sales>50</sales>
  <sales>150</sales>
  <sales>120</sales>
</data>
<data>
  <item>상품E</item>
  <sales>190</sales>
  <sales>100</sales>
  <sales>220</sales>
  <sales>280</sales>
  <sales>300</sales>
</data>
</datalist>
